Mac,0x9Ff501255C9917D11780c050BaEfF9dCc6d71c27
satbaba2025001BdeMac-mini.local,0x9Ff501255C9917D11780c050BaEfF9dCc6d71c27
satbaba2025002BdeMac-mini.local,0x9Ff501255C9917D11780c050BaEfF9dCc6d71c27
satbaba2025003BdeMac-mini.local,0x9Ff501255C9917D11780c050BaEfF9dCc6d71c27
satbaba2025004BdeMac-mini.local,0x9Ff501255C9917D11780c050BaEfF9dCc6d71c27
satbaba2025005BdeMac-mini.local,0x9Ff501255C9917D11780c050BaEfF9dCc6d71c27
satbaba2025006BdeMac-mini.local,0x9Ff501255C9917D11780c050BaEfF9dCc6d71c27
satbaba2025007BdeMac-mini.local,0x9Ff501255C9917D11780c050BaEfF9dCc6d71c27
satbaba2025008BdeMac-mini.local,0x9Ff501255C9917D11780c050BaEfF9dCc6d71c27
satbaba2025009BdeMac-mini.local,0x9Ff501255C9917D11780c050BaEfF9dCc6d71c27
satbaba20250010BdeMac-mini.local,0x9Ff501255C9917D11780c050BaEfF9dCc6d71c27